region;country;year;sex;total_NCD_death;;
Eastern Mediterranean;Afghanistan;2021;Female;66890;;
Eastern Mediterranean;Afghanistan;2021;Male;49764;;
Eastern Mediterranean;Afghanistan;2020;Female;67976;;
Eastern Mediterranean;Afghanistan;2020;Male;55371;;
Eastern Mediterranean;Afghanistan;2019;Female;65677;;
Eastern Mediterranean;Afghanistan;2019;Male;52903;;
Eastern Mediterranean;Afghanistan;2018;Female;62653;;
Eastern Mediterranean;Afghanistan;2018;Male;50881;;
Eastern Mediterranean;Afghanistan;2017;Female;60876;;
Eastern Mediterranean;Afghanistan;2017;Male;49841;;
Eastern Mediterranean;Bahrain;2021;Female;2061;;
Eastern Mediterranean;Bahrain;2021;Male;2495;;
Eastern Mediterranean;Bahrain;2020;Female;1685;;
Eastern Mediterranean;Bahrain;2020;Male;2648;;
Eastern Mediterranean;Bahrain;2019;Female;1758;;
Eastern Mediterranean;Bahrain;2019;Male;2344;;
Eastern Mediterranean;Bahrain;2018;Female;1649;;
Eastern Mediterranean;Bahrain;2018;Male;2345;;
Eastern Mediterranean;Bahrain;2017;Female;1618;;
Eastern Mediterranean;Bahrain;2017;Male;2257;;
Eastern Mediterranean;Djibouti;2021;Female;2069;;
Eastern Mediterranean;Djibouti;2021;Male;2059;;
Eastern Mediterranean;Djibouti;2020;Female;2023;;
Eastern Mediterranean;Djibouti;2020;Male;2130;;
Eastern Mediterranean;Djibouti;2019;Female;2008;;
Eastern Mediterranean;Djibouti;2019;Male;2036;;
Eastern Mediterranean;Djibouti;2018;Female;1981;;
Eastern Mediterranean;Djibouti;2018;Male;1991;;
Eastern Mediterranean;Djibouti;2017;Female;1923;;
Eastern Mediterranean;Djibouti;2017;Male;1929;;
Eastern Mediterranean;Egypt;2021;Female;222674;;
Eastern Mediterranean;Egypt;2021;Male;256725;;
Eastern Mediterranean;Egypt;2020;Female;224091;;
Eastern Mediterranean;Egypt;2020;Male;257437;;
Eastern Mediterranean;Egypt;2019;Female;220582;;
Eastern Mediterranean;Egypt;2019;Male;269009;;
Eastern Mediterranean;Egypt;2018;Female;218031;;
Eastern Mediterranean;Egypt;2018;Male;263606;;
Eastern Mediterranean;Egypt;2017;Female;210666;;
Eastern Mediterranean;Egypt;2017;Male;256355;;
Eastern Mediterranean;Iran (Islamic Republic of);2021;Female;151586;;
Eastern Mediterranean;Iran (Islamic Republic of);2021;Male;140099;;
Eastern Mediterranean;Iran (Islamic Republic of);2020;Female;154010;;
Eastern Mediterranean;Iran (Islamic Republic of);2020;Male;165188;;
Eastern Mediterranean;Iran (Islamic Republic of);2019;Female;150418;;
Eastern Mediterranean;Iran (Islamic Republic of);2019;Male;162647;;
Eastern Mediterranean;Iran (Islamic Republic of);2018;Female;145151;;
Eastern Mediterranean;Iran (Islamic Republic of);2018;Male;156248;;
Eastern Mediterranean;Iran (Islamic Republic of);2017;Female;141993;;
Eastern Mediterranean;Iran (Islamic Republic of);2017;Male;151986;;
Eastern Mediterranean;Iraq;2021;Female;60074;;
Eastern Mediterranean;Iraq;2021;Male;57486;;
Eastern Mediterranean;Iraq;2020;Female;56310;;
Eastern Mediterranean;Iraq;2020;Male;64950;;
Eastern Mediterranean;Iraq;2019;Female;53640;;
Eastern Mediterranean;Iraq;2019;Male;53617;;
Eastern Mediterranean;Iraq;2018;Female;50690;;
Eastern Mediterranean;Iraq;2018;Male;50056;;
Eastern Mediterranean;Iraq;2017;Female;47874;;
Eastern Mediterranean;Iraq;2017;Male;46558;;
Eastern Mediterranean;Jordan;2021;Female;11361;;
Eastern Mediterranean;Jordan;2021;Male;9961;;
Eastern Mediterranean;Jordan;2020;Female;10651;;
Eastern Mediterranean;Jordan;2020;Male;10929;;
Eastern Mediterranean;Jordan;2019;Female;9919;;
Eastern Mediterranean;Jordan;2019;Male;9868;;
Eastern Mediterranean;Jordan;2018;Female;9566;;
Eastern Mediterranean;Jordan;2018;Male;9439;;
Eastern Mediterranean;Jordan;2017;Female;9593;;
Eastern Mediterranean;Jordan;2017;Male;9290;;
Eastern Mediterranean;Kuwait;2021;Female;1703;;
Eastern Mediterranean;Kuwait;2021;Male;5029;;
Eastern Mediterranean;Kuwait;2020;Female;1440;;
Eastern Mediterranean;Kuwait;2020;Male;6813;;
Eastern Mediterranean;Kuwait;2019;Female;1660;;
Eastern Mediterranean;Kuwait;2019;Male;5461;;
Eastern Mediterranean;Kuwait;2018;Female;1560;;
Eastern Mediterranean;Kuwait;2018;Male;4705;;
Eastern Mediterranean;Kuwait;2017;Female;1501;;
Eastern Mediterranean;Kuwait;2017;Male;4356;;
Eastern Mediterranean;Lebanon;2021;Female;11141;;
Eastern Mediterranean;Lebanon;2021;Male;12204;;
Eastern Mediterranean;Lebanon;2020;Female;11180;;
Eastern Mediterranean;Lebanon;2020;Male;12029;;
Eastern Mediterranean;Lebanon;2019;Female;11303;;
Eastern Mediterranean;Lebanon;2019;Male;11510;;
Eastern Mediterranean;Lebanon;2018;Female;11155;;
Eastern Mediterranean;Lebanon;2018;Male;11303;;
Eastern Mediterranean;Lebanon;2017;Female;11155;;
Eastern Mediterranean;Lebanon;2017;Male;11479;;
Eastern Mediterranean;Libya;2021;Female;12423;;
Eastern Mediterranean;Libya;2021;Male;13090;;
Eastern Mediterranean;Libya;2020;Female;12172;;
Eastern Mediterranean;Libya;2020;Male;13732;;
Eastern Mediterranean;Libya;2019;Female;12216;;
Eastern Mediterranean;Libya;2019;Male;13397;;
Eastern Mediterranean;Libya;2018;Female;12045;;
Eastern Mediterranean;Libya;2018;Male;13350;;
Eastern Mediterranean;Libya;2017;Female;11605;;
Eastern Mediterranean;Libya;2017;Male;12806;;y
Eastern Mediterranean;Morocco;2021;Female;96834;;
Eastern Mediterranean;Morocco;2021;Male;89879;;
Eastern Mediterranean;Morocco;2020;Female;92490;;
Eastern Mediterranean;Morocco;2020;Male;94776;;
Eastern Mediterranean;Morocco;2019;Female;92196;;
Eastern Mediterranean;Morocco;2019;Male;88161;;
Eastern Mediterranean;Morocco;2018;Female;89334;;
Eastern Mediterranean;Morocco;2018;Male;84897;;
Eastern Mediterranean;Morocco;2017;Female;85572;;
Eastern Mediterranean;Morocco;2017;Male;81625;;
Eastern Mediterranean;Oman;2021;Female;3853;;
Eastern Mediterranean;Oman;2021;Male;5229;;
Eastern Mediterranean;Oman;2020;Female;3924;;
Eastern Mediterranean;Oman;2020;Male;6975;;
Eastern Mediterranean;Oman;2019;Female;3648;;
Eastern Mediterranean;Oman;2019;Male;7362;;
Eastern Mediterranean;Oman;2018;Female;3686;;
Eastern Mediterranean;Oman;2018;Male;7542;;
Eastern Mediterranean;Oman;2017;Female;3784;;
Eastern Mediterranean;Oman;2017;Male;7744;;
Eastern Mediterranean;Pakistan;2021;Female;461296;;
Eastern Mediterranean;Pakistan;2021;Male;410349;;
Eastern Mediterranean;Pakistan;2020;Female;446592;;
Eastern Mediterranean;Pakistan;2020;Male;436049;;
Eastern Mediterranean;Pakistan;2019;Female;445081;;
Eastern Mediterranean;Pakistan;2019;Male;421834;;
Eastern Mediterranean;Pakistan;2018;Female;436690;;
Eastern Mediterranean;Pakistan;2018;Male;417387;;
Eastern Mediterranean;Pakistan;2017;Female;427678;;
Eastern Mediterranean;Pakistan;2017;Male;413901;;
Eastern Mediterranean;Qatar;2021;Female;1000;;
Eastern Mediterranean;Qatar;2021;Male;1999;;
Eastern Mediterranean;Qatar;2020;Female;895;;
Eastern Mediterranean;Qatar;2020;Male;2124;;
Eastern Mediterranean;Qatar;2019;Female;870;;
Eastern Mediterranean;Qatar;2019;Male;2142;;
Eastern Mediterranean;Qatar;2018;Female;850;;
Eastern Mediterranean;Qatar;2018;Male;2173;;
Eastern Mediterranean;Qatar;2017;Female;824;;
Eastern Mediterranean;Qatar;2017;Male;2172;;
Eastern Mediterranean;Saudi Arabia;2021;Female;23712;;
Eastern Mediterranean;Saudi Arabia;2021;Male;34087;;
Eastern Mediterranean;Saudi Arabia;2020;Female;20250;;
Eastern Mediterranean;Saudi Arabia;2020;Male;36069;;
Eastern Mediterranean;Saudi Arabia;2019;Female;24078;;
Eastern Mediterranean;Saudi Arabia;2019;Male;35363;;
Eastern Mediterranean;Saudi Arabia;2018;Female;23670;;
Eastern Mediterranean;Saudi Arabia;2018;Male;35196;;
Eastern Mediterranean;Saudi Arabia;2017;Female;22930;;
Eastern Mediterranean;Saudi Arabia;2017;Male;33718;;
Eastern Mediterranean;Somalia;2021;Female;26190;;
Eastern Mediterranean;Somalia;2021;Male;26512;;
Eastern Mediterranean;Somalia;2020;Female;24863;;
Eastern Mediterranean;Somalia;2020;Male;28840;;
Eastern Mediterranean;Somalia;2019;Female;23889;;
Eastern Mediterranean;Somalia;2019;Male;27913;;
Eastern Mediterranean;Somalia;2018;Female;23104;;
Eastern Mediterranean;Somalia;2018;Male;27107;;
Eastern Mediterranean;Somalia;2017;Female;22387;;
Eastern Mediterranean;Somalia;2017;Male;26319;;
Eastern Mediterranean;Sudan;2021;Female;62226;;
Eastern Mediterranean;Sudan;2021;Male;56595;;
Eastern Mediterranean;Sudan;2020;Female;59779;;
Eastern Mediterranean;Sudan;2020;Male;62680;;
Eastern Mediterranean;Sudan;2019;Female;57486;;
Eastern Mediterranean;Sudan;2019;Male;61730;;
Eastern Mediterranean;Sudan;2018;Female;56073;;
Eastern Mediterranean;Sudan;2018;Male;60728;;
Eastern Mediterranean;Sudan;2017;Female;52919;;
Eastern Mediterranean;Sudan;2017;Male;57104;;
Eastern Mediterranean;Syrian Arab Republic;2021;Female;42645;;
Eastern Mediterranean;Syrian Arab Republic;2021;Male;37646;;
Eastern Mediterranean;Syrian Arab Republic;2020;Female;41568;;
Eastern Mediterranean;Syrian Arab Republic;2020;Male;38722;;
Eastern Mediterranean;Syrian Arab Republic;2019;Female;40981;;
Eastern Mediterranean;Syrian Arab Republic;2019;Male;36404;;
Eastern Mediterranean;Syrian Arab Republic;2018;Female;41447;;
Eastern Mediterranean;Syrian Arab Republic;2018;Male;37194;;
Eastern Mediterranean;Syrian Arab Republic;2017;Female;39595;;
Eastern Mediterranean;Syrian Arab Republic;2017;Male;35721;;
Eastern Mediterranean;Tunisia;2021;Female;25299;;
Eastern Mediterranean;Tunisia;2021;Male;25419;;
Eastern Mediterranean;Tunisia;2020;Female;24519;;
Eastern Mediterranean;Tunisia;2020;Male;28913;;
Eastern Mediterranean;Tunisia;2019;Female;23417;;
Eastern Mediterranean;Tunisia;2019;Male;27959;;
Eastern Mediterranean;Tunisia;2018;Female;22945;;
Eastern Mediterranean;Tunisia;2018;Male;27639;;
Eastern Mediterranean;Tunisia;2017;Female;22488;;
Eastern Mediterranean;Tunisia;2017;Male;27157;;
Eastern Mediterranean;United Arab Emirates;2021;Female;3104;;
Eastern Mediterranean;United Arab Emirates;2021;Male;6588;;
Eastern Mediterranean;United Arab Emirates;2020;Female;2167;;
Eastern Mediterranean;United Arab Emirates;2020;Male;6278;;
Eastern Mediterranean;United Arab Emirates;2019;Female;2545;;
Eastern Mediterranean;United Arab Emirates;2019;Male;5385;;
Eastern Mediterranean;United Arab Emirates;2018;Female;2567;;
Eastern Mediterranean;United Arab Emirates;2018;Male;5325;;
Eastern Mediterranean;United Arab Emirates;2017;Female;2543;;
Eastern Mediterranean;United Arab Emirates;2017;Male;5215;;
Eastern Mediterranean;Yemen;2021;Female;47258;;
Eastern Mediterranean;Yemen;2021;Male;46023;;
Eastern Mediterranean;Yemen;2020;Female;46311;;
Eastern Mediterranean;Yemen;2020;Male;47513;;
Eastern Mediterranean;Yemen;2019;Female;45042;;
Eastern Mediterranean;Yemen;2019;Male;44967;;
Eastern Mediterranean;Yemen;2018;Female;43106;;
Eastern Mediterranean;Yemen;2018;Male;42875;;
Eastern Mediterranean;Yemen;2017;Female;42065;;
Eastern Mediterranean;Yemen;2017;Male;41723;;
Eastern Mediterranean;occupied Palestinian territory, including east Jerusalem;2021;Female;6163;;
Eastern Mediterranean;occupied Palestinian territory, including east Jerusalem;2021;Male;7013;;
Eastern Mediterranean;occupied Palestinian territory, including east Jerusalem;2020;Female;5962;;
Eastern Mediterranean;occupied Palestinian territory, including east Jerusalem;2020;Male;6620;;
Eastern Mediterranean;occupied Palestinian territory, including east Jerusalem;2019;Female;5878;;
Eastern Mediterranean;occupied Palestinian territory, including east Jerusalem;2019;Male;6426;;
Eastern Mediterranean;occupied Palestinian territory, including east Jerusalem;2018;Female;5651;;
Eastern Mediterranean;occupied Palestinian territory, including east Jerusalem;2018;Male;6170;;
Eastern Mediterranean;occupied Palestinian territory, including east Jerusalem;2017;Female;5575;;
Eastern Mediterranean;occupied Palestinian territory, including east Jerusalem;2017;Male;6079;;
South-East Asia;Bangladesh;2021;Female;291041;;
South-East Asia;Bangladesh;2021;Male;287544;;
South-East Asia;Bangladesh;2020;Female;278975;;
South-East Asia;Bangladesh;2020;Male;304263;;
South-East Asia;Bangladesh;2019;Female;277950;;
South-East Asia;Bangladesh;2019;Male;292312;;
South-East Asia;Bangladesh;2018;Female;267697;;
South-East Asia;Bangladesh;2018;Male;280530;;
South-East Asia;Bangladesh;2017;Female;257819;;
South-East Asia;Bangladesh;2017;Male;269886;;
South-East Asia;Bhutan;2021;Female;1246;;
South-East Asia;Bhutan;2021;Male;1464;;
South-East Asia;Bhutan;2020;Female;1229;;
South-East Asia;Bhutan;2020;Male;1552;;
South-East Asia;Bhutan;2019;Female;1286;;
South-East Asia;Bhutan;2019;Male;1522;;
South-East Asia;Bhutan;2018;Female;1293;;
South-East Asia;Bhutan;2018;Male;1561;;
South-East Asia;Bhutan;2017;Female;1299;;
South-East Asia;Bhutan;2017;Male;1584;;
South-East Asia;Democratic People's Republic of Korea;2021;Female;107865;;
South-East Asia;Democratic People's Republic of Korea;2021;Male;101969;;
South-East Asia;Democratic People's Republic of Korea;2020;Female;106640;;
South-East Asia;Democratic People's Republic of Korea;2020;Male;104065;;
South-East Asia;Democratic People's Republic of Korea;2019;Female;108192;;
South-East Asia;Democratic People's Republic of Korea;2019;Male;103007;;
South-East Asia;Democratic People's Republic of Korea;2018;Female;106381;;
South-East Asia;Democratic People's Republic of Korea;2018;Male;99530;;
South-East Asia;Democratic People's Republic of Korea;2017;Female;106518;;
South-East Asia;Democratic People's Republic of Korea;2017;Male;99855;;
South-East Asia;India;2021;Female;3209089;;
South-East Asia;India;2021;Male;3192357;;
South-East Asia;India;2020;Female;2850914;;
South-East Asia;India;2020;Male;3524585;;
South-East Asia;India;2019;Female;2852086;;
South-East Asia;India;2019;Male;3450826;;
South-East Asia;India;2018;Female;2792952;;
South-East Asia;India;2018;Male;3323021;;
South-East Asia;India;2017;Female;2711876;;
South-East Asia;India;2017;Male;3187321;;
South-East Asia;Indonesia;2021;Female;738371;;
South-East Asia;Indonesia;2021;Male;639784;;
South-East Asia;Indonesia;2020;Female;737806;;
South-East Asia;Indonesia;2020;Male;743653;;
South-East Asia;Indonesia;2019;Female;743975;;
South-East Asia;Indonesia;2019;Male;743302;;
South-East Asia;Indonesia;2018;Female;729132;;
South-East Asia;Indonesia;2018;Male;725206;;
South-East Asia;Indonesia;2017;Female;715380;;
South-East Asia;Indonesia;2017;Male;707959;;
South-East Asia;Maldives;2021;Female;918;;
South-East Asia;Maldives;2021;Male;1251;;
South-East Asia;Maldives;2020;Female;979;;
South-East Asia;Maldives;2020;Male;1345;;
South-East Asia;Maldives;2019;Female;955;;
South-East Asia;Maldives;2019;Male;1411;;
South-East Asia;Maldives;2018;Female;432;;
South-East Asia;Maldives;2018;Male;733;;
South-East Asia;Maldives;2017;Female;433;;
South-East Asia;Maldives;2017;Male;747;;
South-East Asia;Myanmar;2021;Female;131202;;
South-East Asia;Myanmar;2021;Male;145623;;
South-East Asia;Myanmar;2020;Female;130539;;
South-East Asia;Myanmar;2020;Male;159360;;
South-East Asia;Myanmar;2019;Female;130249;;
South-East Asia;Myanmar;2019;Male;153371;;
South-East Asia;Myanmar;2018;Female;127840;;
South-East Asia;Myanmar;2018;Male;149703;;
South-East Asia;Myanmar;2017;Female;124366;;
South-East Asia;Myanmar;2017;Male;144083;;
South-East Asia;Nepal;2021;Female;58484;;
South-East Asia;Nepal;2021;Male;51566;;
South-East Asia;Nepal;2020;Female;54985;;
South-East Asia;Nepal;2020;Male;56298;;
South-East Asia;Nepal;2019;Female;54792;;
South-East Asia;Nepal;2019;Male;54478;;
South-East Asia;Nepal;2018;Female;53533;;
South-East Asia;Nepal;2018;Male;53026;;
South-East Asia;Nepal;2017;Female;52074;;
South-East Asia;Nepal;2017;Male;51347;;
South-East Asia;Sri Lanka;2021;Female;55844;;
South-East Asia;Sri Lanka;2021;Male;55473;;
South-East Asia;Sri Lanka;2020;Female;43462;;
South-East Asia;Sri Lanka;2020;Male;45970;;
South-East Asia;Sri Lanka;2019;Female;55872;;
South-East Asia;Sri Lanka;2019;Male;60000;;
South-East Asia;Sri Lanka;2018;Female;55250;;
South-East Asia;Sri Lanka;2018;Male;60841;;
South-East Asia;Sri Lanka;2017;Female;54077;;
South-East Asia;Sri Lanka;2017;Male;60468;;
South-East Asia;Thailand;2021;Female;212579;;
South-East Asia;Thailand;2021;Male;216991;;
South-East Asia;Thailand;2020;Female;205349;;
South-East Asia;Thailand;2020;Male;211250;;
South-East Asia;Thailand;2019;Female;185458;;
South-East Asia;Thailand;2019;Male;213442;;
South-East Asia;Thailand;2018;Female;173987;;
South-East Asia;Thailand;2018;Male;199095;;
South-East Asia;Thailand;2017;Female;163891;;
South-East Asia;Thailand;2017;Male;188624;;
South-East Asia;Timor-Leste;2021;Female;2417;;
South-East Asia;Timor-Leste;2021;Male;2349;;
South-East Asia;Timor-Leste;2020;Female;2162;;
South-East Asia;Timor-Leste;2020;Male;2238;;
South-East Asia;Timor-Leste;2019;Female;2304;;
South-East Asia;Timor-Leste;2019;Male;2358;;
South-East Asia;Timor-Leste;2018;Female;2166;;
South-East Asia;Timor-Leste;2018;Male;2228;;
South-East Asia;Timor-Leste;2017;Female;2046;;
South-East Asia;Timor-Leste;2017;Male;2110;;
Western Pacific;Australia;2021;Female;75622;;
Western Pacific;Australia;2021;Male;80007;;
Western Pacific;Australia;2020;Female;70452;;
Western Pacific;Australia;2020;Male;75456;;
Western Pacific;Australia;2019;Female;73176;;
Western Pacific;Australia;2019;Male;78334;;
Western Pacific;Australia;2018;Female;69550;;
Western Pacific;Australia;2018;Male;73561;;
Western Pacific;Australia;2017;Female;70083;;
Western Pacific;Australia;2017;Male;73207;;
Western Pacific;Brunei Darussalam;2021;Female;714;;
Western Pacific;Brunei Darussalam;2021;Male;875;;
Western Pacific;Brunei Darussalam;2020;Female;717;;
Western Pacific;Brunei Darussalam;2020;Male;874;;
Western Pacific;Brunei Darussalam;2019;Female;703;;
Western Pacific;Brunei Darussalam;2019;Male;845;;
Western Pacific;Brunei Darussalam;2018;Female;698;;
Western Pacific;Brunei Darussalam;2018;Male;815;;
Western Pacific;Brunei Darussalam;2017;Female;639;;
Western Pacific;Brunei Darussalam;2017;Male;756;;
Western Pacific;Cambodia;2021;Female;40041;;
Western Pacific;Cambodia;2021;Male;38432;;
Western Pacific;Cambodia;2020;Female;38460;;
Western Pacific;Cambodia;2020;Male;39776;;
Western Pacific;Cambodia;2019;Female;37540;;
Western Pacific;Cambodia;2019;Male;37704;;
Western Pacific;Cambodia;2018;Female;36189;;
Western Pacific;Cambodia;2018;Male;36387;;
Western Pacific;Cambodia;2017;Female;34853;;
Western Pacific;Cambodia;2017;Male;35109;;
Western Pacific;China;2021;Female;4570163;;
Western Pacific;China;2021;Male;5881481;;
Western Pacific;China;2020;Female;4238031;;
Western Pacific;China;2020;Male;5851290;;
Western Pacific;China;2019;Female;4248595;;
Western Pacific;China;2019;Male;5676503;;
Western Pacific;China;2018;Female;4140981;;
Western Pacific;China;2018;Male;5555066;;
Western Pacific;China;2017;Female;4019848;;
Western Pacific;China;2017;Male;5479537;;
Western Pacific;Fiji;2021;Female;3101;;
Western Pacific;Fiji;2021;Male;3235;;
Western Pacific;Fiji;2020;Female;3015;;
Western Pacific;Fiji;2020;Male;3543;;
Western Pacific;Fiji;2019;Female;3038;;
Western Pacific;Fiji;2019;Male;3438;;
Western Pacific;Fiji;2018;Female;2990;;
Western Pacific;Fiji;2018;Male;3394;;
Western Pacific;Fiji;2017;Female;2937;;
Western Pacific;Fiji;2017;Male;3350;;
Western Pacific;Japan;2021;Female;578116;;
Western Pacific;Japan;2021;Male;606289;;
Western Pacific;Japan;2020;Female;544416;;
Western Pacific;Japan;2020;Male;577451;;
Western Pacific;Japan;2019;Female;539332;;
Western Pacific;Japan;2019;Male;568137;;
Western Pacific;Japan;2018;Female;530761;;
Western Pacific;Japan;2018;Male;561734;;
Western Pacific;Japan;2017;Female;519233;;
Western Pacific;Japan;2017;Male;555009;;
Western Pacific;Kiribati;2021;Female;410;;
Western Pacific;Kiribati;2021;Male;429;;
Western Pacific;Kiribati;2020;Female;372;;
Western Pacific;Kiribati;2020;Male;420;;
Western Pacific;Kiribati;2019;Female;363;;
Western Pacific;Kiribati;2019;Male;395;;
Western Pacific;Kiribati;2018;Female;349;;
Western Pacific;Kiribati;2018;Male;379;;
Western Pacific;Kiribati;2017;Female;344;;
Western Pacific;Kiribati;2017;Male;376;;
Western Pacific;Lao People's Democratic Republic;2021;Female;14024;;
Western Pacific;Lao People's Democratic Republic;2021;Male;15848;;
Western Pacific;Lao People's Democratic Republic;2020;Female;13337;;
Western Pacific;Lao People's Democratic Republic;2020;Male;17132;;
Western Pacific;Lao People's Democratic Republic;2019;Female;13664;;
Western Pacific;Lao People's Democratic Republic;2019;Male;15872;;
Western Pacific;Lao People's Democratic Republic;2018;Female;13541;;
Western Pacific;Lao People's Democratic Republic;2018;Male;15686;;
Western Pacific;Lao People's Democratic Republic;2017;Female;13428;;
Western Pacific;Lao People's Democratic Republic;2017;Male;15531;;
Western Pacific;Malaysia;2021;Female;71018;;
Western Pacific;Malaysia;2021;Male;82006;;
Western Pacific;Malaysia;2020;Female;57759;;
Western Pacific;Malaysia;2020;Male;65084;;
Western Pacific;Malaysia;2019;Female;64272;;
Western Pacific;Malaysia;2019;Male;75826;;
Western Pacific;Malaysia;2018;Female;62815;;
Western Pacific;Malaysia;2018;Male;73345;;
Western Pacific;Malaysia;2017;Female;62255;;
Western Pacific;Malaysia;2017;Male;69551;;
Western Pacific;Micronesia (Federated States of);2021;Female;346;;
Western Pacific;Micronesia (Federated States of);2021;Male;368;;
Western Pacific;Micronesia (Federated States of);2020;Female;328;;
Western Pacific;Micronesia (Federated States of);2020;Male;372;;
Western Pacific;Micronesia (Federated States of);2019;Female;321;;
Western Pacific;Micronesia (Federated States of);2019;Male;345;;
Western Pacific;Micronesia (Federated States of);2018;Female;312;;
Western Pacific;Micronesia (Federated States of);2018;Male;339;;
Western Pacific;Micronesia (Federated States of);2017;Female;303;;
Western Pacific;Micronesia (Federated States of);2017;Male;331;;
Western Pacific;Mongolia;2021;Female;7398;;
Western Pacific;Mongolia;2021;Male;8713;;
Western Pacific;Mongolia;2020;Female;6111;;
Western Pacific;Mongolia;2020;Male;7863;;
Western Pacific;Mongolia;2019;Female;6725;;
Western Pacific;Mongolia;2019;Male;9161;;
Western Pacific;Mongolia;2018;Female;6632;;
Western Pacific;Mongolia;2018;Male;8831;;
Western Pacific;Mongolia;2017;Female;6520;;
Western Pacific;Mongolia;2017;Male;8577;;
Western Pacific;New Zealand;2021;Female;14654;;
Western Pacific;New Zealand;2021;Male;16324;;
Western Pacific;New Zealand;2020;Female;13801;;
Western Pacific;New Zealand;2020;Male;15214;;
Western Pacific;New Zealand;2019;Female;14887;;
Western Pacific;New Zealand;2019;Male;15353;;
Western Pacific;New Zealand;2018;Female;14692;;
Western Pacific;New Zealand;2018;Male;15014;;
Western Pacific;New Zealand;2017;Female;15135;;
Western Pacific;New Zealand;2017;Male;15362;;
Western Pacific;Papua New Guinea;2021;Female;15392;;
Western Pacific;Papua New Guinea;2021;Male;16429;;
Western Pacific;Papua New Guinea;2020;Female;14948;;
Western Pacific;Papua New Guinea;2020;Male;17182;;
Western Pacific;Papua New Guinea;2019;Female;15396;;
Western Pacific;Papua New Guinea;2019;Male;17417;;
Western Pacific;Papua New Guinea;2018;Female;14589;;
Western Pacific;Papua New Guinea;2018;Male;16375;;
Western Pacific;Papua New Guinea;2017;Female;13979;;
Western Pacific;Papua New Guinea;2017;Male;15636;;
Western Pacific;Philippines;2021;Female;282008;;
Western Pacific;Philippines;2021;Male;340223;;
Western Pacific;Philippines;2020;Female;193725;;
Western Pacific;Philippines;2020;Male;262156;;
Western Pacific;Philippines;2019;Female;202015;;
Western Pacific;Philippines;2019;Male;252432;;
Western Pacific;Philippines;2018;Female;190911;;
Western Pacific;Philippines;2018;Male;237054;;
Western Pacific;Philippines;2017;Female;178551;;
Western Pacific;Philippines;2017;Male;230086;;
Western Pacific;Republic of Korea;2021;Female;114475;;
Western Pacific;Republic of Korea;2021;Male;131306;;
Western Pacific;Republic of Korea;2020;Female;110816;;
Western Pacific;Republic of Korea;2020;Male;127398;;
Western Pacific;Republic of Korea;2019;Female;106443;;
Western Pacific;Republic of Korea;2019;Male;122832;;
Western Pacific;Republic of Korea;2018;Female;108531;;
Western Pacific;Republic of Korea;2018;Male;122765;;
Western Pacific;Republic of Korea;2017;Female;105389;;
Western Pacific;Republic of Korea;2017;Male;119839;;
Western Pacific;Samoa;2021;Female;610;;
Western Pacific;Samoa;2021;Male;576;;
Western Pacific;Samoa;2020;Female;592;;
Western Pacific;Samoa;2020;Male;591;;
Western Pacific;Samoa;2019;Female;587;;
Western Pacific;Samoa;2019;Male;561;;
Western Pacific;Samoa;2018;Female;572;;
Western Pacific;Samoa;2018;Male;547;;
Western Pacific;Samoa;2017;Female;562;;
Western Pacific;Samoa;2017;Male;534;;
Western Pacific;Singapore;2021;Female;7939;;
Western Pacific;Singapore;2021;Male;10112;;
Western Pacific;Singapore;2020;Female;7777;;
Western Pacific;Singapore;2020;Male;9780;;
Western Pacific;Singapore;2019;Female;7539;;
Western Pacific;Singapore;2019;Male;9078;;
Western Pacific;Singapore;2018;Female;7497;;
Western Pacific;Singapore;2018;Male;9090;;
Western Pacific;Singapore;2017;Female;7475;;
Western Pacific;Singapore;2017;Male;9025;;
Western Pacific;Solomon Islands;2021;Female;1726;;
Western Pacific;Solomon Islands;2021;Male;2241;;
Western Pacific;Solomon Islands;2020;Female;1592;;
Western Pacific;Solomon Islands;2020;Male;2249;;
Western Pacific;Solomon Islands;2019;Female;1575;;
Western Pacific;Solomon Islands;2019;Male;2101;;
Western Pacific;Solomon Islands;2018;Female;1539;;
Western Pacific;Solomon Islands;2018;Male;2048;;
Western Pacific;Solomon Islands;2017;Female;1452;;
Western Pacific;Solomon Islands;2017;Male;1938;;
Western Pacific;Tonga;2021;Female;267;;
Western Pacific;Tonga;2021;Male;294;;
Western Pacific;Tonga;2020;Female;242;;
Western Pacific;Tonga;2020;Male;288;;
Western Pacific;Tonga;2019;Female;247;;
Western Pacific;Tonga;2019;Male;285;;
Western Pacific;Tonga;2018;Female;245;;
Western Pacific;Tonga;2018;Male;286;;
Western Pacific;Tonga;2017;Female;243;;
Western Pacific;Tonga;2017;Male;285;;
Western Pacific;Vanuatu;2021;Female;617;;
Western Pacific;Vanuatu;2021;Male;984;;
Western Pacific;Vanuatu;2020;Female;592;;
Western Pacific;Vanuatu;2020;Male;1042;;
Western Pacific;Vanuatu;2019;Female;591;;
Western Pacific;Vanuatu;2019;Male;990;;
Western Pacific;Vanuatu;2018;Female;570;;
Western Pacific;Vanuatu;2018;Male;971;;
Western Pacific;Vanuatu;2017;Female;552;;
Western Pacific;Vanuatu;2017;Male;954;;
Western Pacific;Viet Nam;2021;Female;260248;;
Western Pacific;Viet Nam;2021;Male;289954;;
Western Pacific;Viet Nam;2020;Female;227814;;
Western Pacific;Viet Nam;2020;Male;274419;;
Western Pacific;Viet Nam;2019;Female;249236;;
Western Pacific;Viet Nam;2019;Male;284962;;
Western Pacific;Viet Nam;2018;Female;244324;;
Western Pacific;Viet Nam;2018;Male;277987;;
Western Pacific;Viet Nam;2017;Female;239813;;
Western Pacific;Viet Nam;2017;Male;272501;;
